{
    "U-Net": {
        "Dice": 0.20346340537071228,
        "IoU": 0.12462692707777023,
        "Precision": 0.23181380331516266,
        "Recall": 0.19469475746154785,
        "Hausdorff": 123.84683687301057,
        "Boundary_F1": 0.25053827813564766,
        "Latency_ms": 91.39818999683484
    },
    "Attention U-Net": {
        "Dice": 0.04922160133719444,
        "IoU": 0.0253448486328125,
        "Precision": 0.0253448486328125,
        "Recall": 1.0,
        "Hausdorff": 202.7925377454239,
        "Boundary_F1": 0.0,
        "Latency_ms": 97.74127668545891
    },
    "U-Net++": {
        "Dice": 0.04922160133719444,
        "IoU": 0.0253448486328125,
        "Precision": 0.0253448486328125,
        "Recall": 1.0,
        "Hausdorff": 202.7925377454239,
        "Boundary_F1": 0.0,
        "Latency_ms": 179.8177466650183
    },
    "Mask R-CNN": {
        "Dice": 0.0,
        "IoU": 0.0,
        "Precision": 0.0,
        "Recall": 0.0,
        "Hausdorff": 256.0,
        "Boundary_F1": 0.0,
        "Latency_ms": 29.212936654221267
    }
}