{
    "U-Net": {
        "Dice": 0.20346340537071228,
        "IoU": 0.12462692707777023,
        "Precision": 0.23181380331516266,
        "Recall": 0.19469475746154785,
        "Hausdorff": 123.84683687301057,
        "Boundary_F1": 0.25053827813564766,
        "Latency_ms": 85.86902000036692
    },
    "Attention U-Net": {
        "Dice": 0.04922160133719444,
        "IoU": 0.0253448486328125,
        "Precision": 0.0253448486328125,
        "Recall": 1.0,
        "Hausdorff": 202.7925377454239,
        "Boundary_F1": 0.0,
        "Latency_ms": 102.48238666633067
    },
    "U-Net++": {
        "Dice": 0.04922160133719444,
        "IoU": 0.0253448486328125,
        "Precision": 0.0253448486328125,
        "Recall": 1.0,
        "Hausdorff": 202.7925377454239,
        "Boundary_F1": 0.0,
        "Latency_ms": 241.7179866672086
    },
    "Mask R-CNN": {
        "Dice": 0.04922233521938324,
        "IoU": 0.02534523792564869,
        "Precision": 0.02534523792564869,
        "Recall": 1.0,
        "Hausdorff": 202.7925377454239,
        "Boundary_F1": 0.0,
        "Latency_ms": 34.397343333087825
    }
}